Workbook

Sheet Dashboard & Summary
A1: PMP Project Dashboard: Chronic Illness & CFS Management Framework
A2: Integrative PMBOK Framework for Pacing, Energy Governance, and Health Baseline Recovery
A4: Current Project Phase | C4: Baseline Energy Budget (Spoons/Day) | E4: Pacing Compliance Index | G4: Active Flare Triggers/Risks
A5: Execution & Pacing | C5: =AVERAGE('Health Metrics Tracker'!B5:B18) | E5: =AVERAGE('Health Metrics Tracker'!E5:E18) | G5: =COUNTIF('Risk & Trigger Register'!F5:F9, ">=12")
A7: Key Life Domain Energy Allocations (Spoon Budgeting)
A8: Domain / Workstream | B8: Target Energy Allocation (%) | C8: Weekly Spoon Budget | D8: Actual Spent (Avg) | E8: Variance
A9: Medical & Treatment Governance | B9: 0.2 | C9: 20 | D9: =AVERAGE('Health Metrics Tracker'!C5:C8) | E9: =C9-D9
A10: Essential Daily Living & Pacing | B10: 0.35 | C10: 35 | D10: =AVERAGE('Health Metrics Tracker'!C9:C12) | E10: =C10-D10
A11: Work & Vocational Adaptations | B11: 0.25 | C11: 25 | D11: =AVERAGE('Health Metrics Tracker'!C13:C15) | E11: =C11-D11
A12: Emotional & Cognitive Regulation | B12: 0.2 | C12: 20 | D12: =AVERAGE('Health Metrics Tracker'!C16:C18) | E12: =C12-D12

Sheet Project Charter & Scope
A1: Project Charter & Scope Statement
A2: Formal alignment of health goals, boundaries, constraints, and success criteria
A4: 1. Project Overview & Vision
A5: Project Name | B5: Personal Health Infrastructure & Chronic Illness Governance (CFS/ME & Mental Health)
A6: Sponsor / Leader | B6: Self (Project Lead) with Care Team Support
A7: Primary Vision | B7: Achieve sustainable baseline stability, prevent Post-Exertional Malaise (PEM), and optimize cognitive/physical energy delivery.
A9: 2. Strategic Scope Boundaries
A10: In-Scope Activities | B10: Daily energy pacing, medical appointment planning, symptom tracking, cognitive workload capping, baseline restoration protocol.
A11: Out-of-Scope (Boundaries) | B11: Over-exertion, rigid time commitments without buffer, unplanned high-intensity physical activities, high-stress cognitive tasks without breaks.
A12: Key Assumptions | B12: Daily baseline energy is non-linear and variable (10-30 Spoons). Recovery requires enforced rest periods.
A14: 3. Success Criteria & Metrics
A15: Primary KPI 1 | B15: PEM Trigger Reduction: Zero severe post-exertional crashes per month.
A16: Primary KPI 2 | B16: Pacing Compliance Index >= 90% across weekly cycles.
A17: Primary KPI 3 | B17: Consistent symptom tracking completion and medical review readiness.

Sheet WBS & Pacing Schedule
A1: Work Breakdown Structure (WBS) & Pacing Schedule
A2: Granular activity breakdown with assigned energy costs (Spoon Theory) and priority
A4: WBS ID | B4: Workstream / Domain | C4: Deliverable / Activity Name | D4: Priority | E4: Energy Cost (1-5 Spoons) | F4: Est. Duration | G4: Status | H4: Dependencies
A5: 1.1.1 | B5: Medical Governance | C5: Monthly Specialist Consultation Preparation | D5: High | E5: 3 | F5: 2 Hours | G5: Completed | H5: Symptom Log
A6: 1.1.2 | B6: Medical Governance | C6: Prescription & Supplement Refill Workflow | D6: Medium | E6: 1 | F6: 30 Mins | G6: In Progress | H6: None
A7: 1.2.1 | B7: Daily Pacing | C7: Morning Baseline Assessment & Spoon Allocation | D7: High | E7: 1 | F7: 10 Mins | G7: In Progress | H7: Daily Log
A8: 1.2.2 | B8: Daily Pacing | C8: Enforced Aggressive Rest (Mid-day Meditation/Silence) | D8: High | E8: 0 | F8: 45 Mins | G8: In Progress | H8: None
A9: 1.3.1 | B9: Vocational/Work | C9: Asynchronous Communication Protocol Setup | D9: High | E9: 2 | F9: 1 Hour | G9: Completed | H9: Manager Approval
A10: 1.3.2 | B10: Vocational/Work | C10: Cognitive Task Batching (Max 45m blocks) | D10: High | E10: 4 | F10: 3 Hours | G10: In Progress | H10: Pacing Buffer
A11: 1.4.1 | B11: Mental Health | C11: Vagus Nerve / Somatic Regulation Exercises | D11: Medium | E11: 1 | F11: 20 Mins | G11: In Progress | H11: None
A12: 1.4.2 | B12: Mental Health | C12: Weekly Cognitive Load Reframing / Journaling | D12: Medium | E12: 2 | F12: 30 Mins | G12: Planned | H12: Rest Period
A13: 1.5.1 | B13: Admin/Household | C13: Low-Effort Meal Prep / External Support Coordination | D13: Medium | E13: 3 | F13: 1 Hour | G13: In Progress | H13: Budgeting

Sheet Risk & Trigger Register
A1: Risk Management & Flare-up Trigger Register
A2: Identification of physical/cognitive triggers, impact scoring, and mitigation protocols
A4: Risk ID | B4: Trigger / Risk Event Description | C4: Category | D4: Probability (1-5) | E4: Impact (1-5) | F4: Risk Score | G4: Severity Rating | H4: Mitigation Strategy (Pacing Protocol) | I4: Contingency / Flare Plan
A5: R-01 | B5: Cognitive Over-Exertion (>2 hrs uninterrupted focus) | C5: Cognitive | D5: 4 | E5: 4 | F5: =D5*E5 | G5: =IF(F5>=15,"HIGH / CRITICAL",IF(F5>=8,"MEDIUM","LOW")) | H5: Mitigate immediately with strict 45-min timer | I5: Initiate 24-hr sensory downtime protocol
A6: R-02 | B6: Sensory Overload (Bright lights / noisy environment) | C6: Environmental | D6: 3 | E6: 3 | F6: =D6*E6 | G6: =IF(F6>=15,"HIGH / CRITICAL",IF(F6>=8,"MEDIUM","LOW")) | H6: Use noise-canceling headphones & dark glasses | I6: Move to quiet, low-lit recovery room
A7: R-03 | B7: Post-Exertional Malaise (PEM) from physical walking >30m | C7: Physical | D7: 4 | E7: 5 | F7: =D7*E7 | G7: =IF(F7>=15,"HIGH / CRITICAL",IF(F7>=8,"MEDIUM","LOW")) | H7: Pacing & planned seated breaks every 10 mins | I7: Complete horizontal bed rest for 48 hours
A8: R-04 | B8: Sleep Disturbance / Insomnia Flare | C8: Physiological | D8: 3 | E8: 4 | F8: =D8*E8 | G8: =IF(F8>=15,"HIGH / CRITICAL",IF(F8>=8,"MEDIUM","LOW")) | H8: Strict sleep hygiene, no screens after 9 PM | I8: Adjust next day's Spoon allocation down by 50%
A9: R-05 | B9: Emotional Stress / Overwhelm from complex scheduling | C9: Emotional | D9: 2 | E9: 4 | F9: =D9*E9 | G9: =IF(F9>=15,"HIGH / CRITICAL",IF(F9>=8,"MEDIUM","LOW")) | H9: Delegate or postpone non-essential deadlines | I9: Activate Care Team / Supporter check-in

Sheet Stakeholder & Care Team
A1: Stakeholder & Care Team RACI Matrix
A2: Governance structure for healthcare providers, support network, and personal advocates
A4: Stakeholder Name | B4: Role / Domain | C4: RACI Role | D4: Communication Cadence | E4: Primary Preferred Channel | F4: Support Responsibility / Notes
A5: Primary Care Physician | B5: Medical Lead | C5: Accountable / Consulted | D5: Monthly / As Needed | E5: E-Portal / In-Person | F5: Oversees overall treatment plan, lab orders, prescription reviews
A6: Specialist (Rheumatologist/Neurologist) | B6: CFS Specialist | C6: Consulted | D6: Quarterly | E6: Specialist Clinic | F6: Monitors systemic inflammatory markers & autonomic function
A7: Psychotherapist / Counselor | B7: Mental Health | C7: Consulted | D7: Bi-Weekly | E7: Telehealth Video | F7: Pacing mindset, cognitive behavior adjustment, emotional regulation
A8: Primary Caregiver / Partner | B8: Daily Support | C8: Responsible | D8: Daily | E8: In-Person | F8: Assists with meal logistics, pacing enforcement, flare mitigation
A9: Workplace HR / Manager | B9: Employer Lead | C9: Informed | D9: Monthly | E9: Email Summary | F9: Coordinates remote work accommodations, async schedules, workload caps

Sheet Health Metrics Tracker
A1: Daily Health Metrics & Pacing Tracker (Earned Value Analog)
A2: Daily log monitoring planned vs actual energy expenditure, symptom levels, and pacing compliance
A4: Day / Date | B4: Planned Baseline Spoons | C4: Actual Spoons Spent | D4: Pacing Variance | E4: Pacing Compliance % | F4: Symptom Severity (1-10) | G4: Mental Health Score (1-10) | H4: Status / Notes
A5: Day 1 | B5: 20 | C5: 18 | D5: =B5-C5 | E5: =1-ABS(D5)/B5 | F5: 3 | G5: 8 | H5: Balanced Day
A6: Day 2 | B6: 20 | C6: 18 | D6: =B6-C6 | E6: =1-ABS(D6)/B6 | F6: 3 | G6: 8 | H6: Balanced Day
A7: Day 3 | B7: 20 | C7: 20 | D7: =B7-C7 | E7: =1-ABS(D7)/B7 | F7: 3 | G7: 8 | H7: Balanced Day
A8: Day 4 | B8: 20 | C8: 18 | D8: =B8-C8 | E8: =1-ABS(D8)/B8 | F8: 3 | G8: 8 | H8: Balanced Day
A9: Day 5 | B9: 20 | C9: 18 | D9: =B9-C9 | E9: =1-ABS(D9)/B9 | F9: 3 | G9: 8 | H9: Balanced Day
A10: Day 6 | B10: 20 | C10: 22 | D10: =B10-C10 | E10: =1-ABS(D10)/B10 | F10: 6 | G10: 5 | H10: Minor Flare / Resting
A11: Day 7 | B11: 20 | C11: 18 | D11: =B11-C11 | E11: =1-ABS(D11)/B11 | F11: 3 | G11: 8 | H11: Balanced Day
A12: Day 8 | B12: 20 | C12: 18 | D12: =B12-C12 | E12: =1-ABS(D12)/B12 | F12: 3 | G12: 8 | H12: Balanced Day
A13: Day 9 | B13: 20 | C13: 20 | D13: =B13-C13 | E13: =1-ABS(D13)/B13 | F13: 3 | G13: 8 | H13: Balanced Day
A14: Day 10 | B14: 20 | C14: 18 | D14: =B14-C14 | E14: =1-ABS(D14)/B14 | F14: 3 | G14: 8 | H14: Balanced Day
A15: Day 11 | B15: 20 | C15: 18 | D15: =B15-C15 | E15: =1-ABS(D15)/B15 | F15: 3 | G15: 8 | H15: Balanced Day
A16: Day 12 | B16: 20 | C16: 22 | D16: =B16-C16 | E16: =1-ABS(D16)/B16 | F16: 6 | G16: 5 | H16: Minor Flare / Resting
... A18: Day 14 | B18: 20 | C18: 18 | D18: =B18-C18 | E18: =1-ABS(D18)/B18 | F18: 3 | G18: 8 | H18: Balanced Day
